[
	[
	{
		"name": "Pyramide de Khéops",
		"img": "kheops.jpg",
		"dateConstruction": "-2650 (+ 25 ans de travaux)",
		"dateDestruction": "Encore debout",
		"Lieu": "Memphis (Gizeh)",
		"maitreOuvrage": "Khéops",
		"Description": "La pyramide de Khéops ou grande pyramide de Gizeh est un monument construit par les Égyptiens de l'Antiquité, formant une pyramide à base carrée. Tombeau présumé du pharaon Khéops, elle fut édifiée il y a plus de 4 500 ans, sous la IVe dynastie, au centre du complexe funéraire de Khéops se situant à Gizeh en Égypte. Elle est la plus grande des pyramides de Gizeh. Elle était considérée dans l'Antiquité comme la première des Sept Merveilles du monde. Elle est d'ailleurs la seule des Sept Merveilles du monde à avoir survécu jusqu'à nos jours, elle est également la plus ancienne. Durant des millénaires, elle fut la construction humaine de tous les records : la plus haute, la plus volumineuse et la plus massive. Ce monument phare de l'Égypte antique est depuis plus de 4 500 ans scruté et étudié sans relâche. "
	},
	{
		"name": "Jardins suspendus de Babylone",
		"img": "babylone.jpg",
		"dateConstruction": "VIe siècle av. J.-C.",
		"dateDestruction": "Disparus à partir du IIIe siècle av. J.-C",
		"Lieu": "Babylone (Irak)",
		"maitreOuvrage": "Sémiramis ou Nabuchodonosor II",
		"Description": "Les jardins suspendus de Babylone sont un édifice antique, considéré comme une des Sept Merveilles du monde antique. Ils apparaissent dans les écrits de plusieurs auteurs grecs et romains antiques (Diodore de Sicile, Strabon, Philon d'Alexandrie, etc.), qui s'inspirent tous de sources plus anciennes disparues, dont le prêtre babylonien Bérose. C'est à ce dernier que l'on doit l'histoire de la construction de ces jardins par Nabuchodonosor II afin de rappeler à son épouse, Amytis de Médie, les montagnes boisées de son pays natal. Lors de la redécouverte et des fouilles de Babylone (dans le sud de l'Irak actuel) au début du xxe siècle, l'emplacement des jardins suspendus a été cherché. Mais alors que les autres constructions mythiques de la ville (Tour de Babel/ziggurat, murailles, palais royaux) ont été retrouvées par l'archéologie et la traduction des inscriptions anciennes, cela n'a pas été le cas des jardins. Les chercheurs contemporains ont donc émis diverses propositions : certains ont cherché à localiser les emplacements possibles des jardins suspendus dans la ville, tandis que d'autres ont remis en cause leur existence, les situant dans une autre ville (Ninive) ou les reléguant au rang d'invention développée par des auteurs antiques à partir des jardins royaux babyloniens."
	},
	{
		"name": "Statue chrysélèphantine de Zeus",
		"img": "zeus.jpg",
		"dateConstruction": "-437 (+ 5 ans de travaux)",
		"dateDestruction": "Détruite lors d’un incendie en 475",
		"Lieu": "Olympie (Élide)",
		"maitreOuvrage": "La cité des Éliens",
		"Description": "La statue chryséléphantine de Zeus à Olympie est une œuvre du sculpteur athénien Phidias, réalisée vers 436 av. J.-C. à Olympie. Aujourd'hui disparue, elle était considérée dans l'Antiquité comme la troisième des Sept Merveilles du monde."
	},
	{
		"name": "Mausolée d'Halicarnasse",
		"img": "halicarnasse.jpg",
		"dateConstruction": "-355 (+ 6 ans de travaux)",
		"dateDestruction": "Détériorations à partir du IVe siècle",
		"Lieu": "Halicarnasse (Carie)",
		"maitreOuvrage": "Mausole & Artémise II",
		"Description": "Le mausolée d'Halicarnasse est le tombeau de Mausole, satrape perse achéménide de Carie (Asie Mineure), mort en 353 av. J.-C.. Il était considéré dans l'Antiquité comme la cinquième des Sept Merveilles du monde. Halicarnasse est aujourd’hui la ville de Bodrum, au sud-ouest de la Turquie. Le monument était admiré dès l'Antiquité pour ses dimensions et sa décoration, si bien qu'on appelle « mausolée » tout tombeau de grande dimension (par exemple à Rome le mausolée de l'empereur Hadrien, actuellement nommé château Saint-Ange). Haut d'environ 45 mètres, le Mausolée d'Halicarnasse était orné de sculptures sur ses quatre côtés, chacun réalisé sous l'autorité d'un grand sculpteur grec ; ces quatre sculpteurs seraient Leochares, Bryaxis, Scopasde Priène et Timothéosde Priène et Timothéos"
	},
	{
		"name": "Temple d'Artémis",
		"img": "artemis.jpg",
		"dateConstruction": "-340 (+ 1 siècle de travaux)",
		"dateDestruction": "Pillage et incendie au IIIe siècle par les Scythes",
		"Lieu": "Éphèse (Ionie)",
		"maitreOuvrage": "La cité d'Éphèse",
		"Description": "Le temple d'Artémis à Éphèse est dans l'Antiquité l'un des plus importants sanctuaires d'Artémis, déesse grecque de la chasse et de la nature sauvage. Il était considéré dans l'Antiquité comme la quatrième des Sept Merveilles du monde."
	},
	{
		"name": "Colosse de Rhodes",
		"img": "colosse.jpg",
		"dateConstruction": "-303 (+ 12 ans de travaux)",
		"dateDestruction": "Cassé au niveau des genoux: Tremblement de terre de -224",
		"Lieu": "Rhodes (Grèce)",
		"maitreOuvrage": "La ville de Rhodes",
		"Description": "Le colosse de Rhodes était une statue d'Hélios, le dieu Soleil, en bronze, dont la hauteur dépassait trente mètres, œuvre de Charès de Lindos. Souvenir de la résistance victorieuse à Démétrios Ier Poliorcète (-305 à -304), érigée sur l'île de Rhodes vers -292, cette gigantesque effigie d'Hélios, dieu tutélaire de la ville de Rhodes, fut renversée en -227 ou -226 par un tremblement de terre. Cassée au niveau des genoux, elle s'effondra et tomba en morceaux. La statue brisée resta sur place jusqu'en 654. Il ne reste plus aujourd'hui la moindre trace du colosse. Elle était considérée dans l'Antiquité comme la sixième des Sept Merveilles du monde."
	},
	{
		"name": "Phare d'Alexandrie",
		"img": "alexandrie.jpg",
		"dateConstruction": "-290 (+ 10 ans de travaux)",
		"dateDestruction": "Dégradation progressive et ruine au XIVe siècle ",
		"Lieu": "Île de Pharos à Alexandrie (Égypte)",
		"maitreOuvrage": "Ptolémée Ier",
		"Description": "Le phare d'Alexandrie était considéré dans l'Antiquité comme la septième des Sept Merveilles du monde. Il a servi de guide aux marins pendant près de dix-sept siècles (du IIIe siècle av. J.-C. au XIVe siècle). Sa construction aurait débuté entre -299 et -289 (la date exacte est inconnue) et duré une quinzaine d'années. Les travaux sont commencés par Ptolémée Ier mais il meurt avant la fin du chantier qui est achevé sous le règne de son fils Ptolémée II."
	}
],
[
	{
		"name": "Grande Muraille",
		"img": "Muraille.jpg",
		"dateConstruction": "IIIe au XVIIe siècle ap J.C",
		"Lieu": "Chine",
		"maitreOuvrage": "Dynastie des QIN",
		"Description": "La Grande Muraille aussi appelé « Les Grandes Murailles » est un ensemble de fortifications militaires chinoises construites, détruites et reconstruites en plusieurs fois et à plusieurs endroits entre le iiie siècle av. J.-C. et le xviie siècle pour marquer et défendre la frontière nord de la Chine. C'est la structure architecturale la plus importante jamais construite par l’Homme à la fois en longueur, en surface et en masse."
	},
	{
		"name": "Pétra",
		"img": "Petra.jpg",
		"dateConstruction": "vers la fin du VIIIe siècle av. J.-C",
		"Lieu": "Jordanie",
		"maitreOuvrage":  "Édomites",
		"Description": "Pétra, de son nom sémitique Reqem ou Raqmu (« la Bariolée »), est une cité nabatéenne située au sud de l'actuelle Jordanie. C'est le pôle touristique majeur de ce pays. Créée dans l'Antiquité, vers la fin du viiie siècle av. J.-C., par les Édomites, elle est ensuite occupée vers le vie siècle av. J.-C. par les Nabatéens qui la font prospérer grâce à sa position sur la route des caravanes transportant l'encens, les épices et d'autres produits précieux entre l'Arabie du Sud, l'Égypte, la Syrie et la Méditerranée. Vers le viiie siècle, la modification des routes commerciales et des séismes entraîneront l'abandon progressif de la ville. Pétra a abrité à son apogée jusqu'à 25 000 habitants. Tombé dans l'oubli à l'époque moderne, le site est redécouvert en 1812 par le monde occidental grâce à l'explorateur suisse Jean Louis Burckhardt."
	},
	{
		"name": "Christ Rédempteur",
		"img": "Christ.jpg",
		"dateConstruction": "1926-1931",
		"Lieu": "Brésil",
		"maitreOuvrage": "Heitor da Silva Costa",
		"Description": "Le Christ Rédempteur est une grande statue du Christ dominant la ville de Rio de Janeiro au Brésil, du haut du mont du Corcovado. Elle est devenue au fil des ans un des emblèmes reconnus internationalement de la ville, au même titre que le Pain de Sucre, la plage de Copacabana ou le carnaval de Rio. Elle fut conçue par l'ingénieur brésilien Heitor da Silva Costa et réalisée par le sculpteur français Paul Landowski et le sculpteur roumain Gheorghe Leonida et érigée en collaboration avec l'ingénieur français Albert Caquot."
	},
	{
		"name": "Machu Picchu",
		"img": "MachuPicchu.jpg",
		"dateConstruction": "XVe siècle",
		"Lieu": "Pérou",
		"maitreOuvrage": "Les Incas",
		"Description": "Machu Picchu est une ancienne cité inca du xve siècle au Pérou, perchée sur un promontoire rocheux qui unit les monts Machu Picchu et Huayna Picchu sur le versant oriental des Andes centrales. Son nom aurait été Pikchu ou Picho. Selon des documents du XVIe siècle, trouvés par l'archéologue américain Hiram Bingham, professeur assistant d'histoire de l'Amérique latine à l’Université Yale, Machu Picchu aurait du être une des résidences de l’empereur Pachacútec. Cependant, quelques-unes des plus grandes constructions et le caractère cérémonial de la principale voie d’accès au llaqta démontreraient que le lieu fut utilisé comme un sanctuaire religieux. Les deux usages ne s’excluent pas forcément. En revanche, les experts ont écarté l’idée d’un ouvrage militaire."
	},
	{
	"name":"Chichén Itzá",
	"img":"ChichenItza.jpg",
	"dateConstruction":"VIIIe ou IXe siècle après J.C",
	"Lieu":"Péninsule du Yucatan, Mexique",
	"maitreOuvrage":"Les mayas",
	"Description":"Chichén Itzá est une ancienne ville maya située entre Valladolid et Mérida dans la péninsule du Yucatán, au Mexique. Chichén Itzá fut probablement, au xe siècle, le principal centre religieux du Yucatán ; il reste aujourd’hui l’un des sites archéologiques les plus importants et les plus visités de la région. Le site a été classé au patrimoine mondial de l'UNESCO en 1988, et a été élu, le 7 juillet 2007, comme l'une des sept nouvelles merveilles du monde après un vote controversé organisé par la New Seven Wonders Foundation."
	},
	{
	"name":"Colisée",
	"img":"Colisee.jpg",
	"dateConstruction":"70 et 72 avant J.C",
	"Lieu":"Rome, Italie",
	"maitreOuvrage":"Empereur Vespasien",
	"Description":"Le Colisée, à l'origine amphithéâtre Flavien , est un immense amphithéâtre ovoïde situé dans le centre de la ville de Rome, entre l'Esquilin et le Cælius, le plus grand jamais construit dans l'empire romain. Il est l'une des plus grandes œuvres de l'architecture et de l'ingénierie romaines. Sa construction, juste à l'est du Forum Romain, a commencé entre 70 et 72 ap. J.-C., sous l'empereur Vespasien, et s'est achevée en 80 sous Titus. D'autres modifications ont ensuite été apportées au cours du règne de Domitien (81-96)."
	},
	{
	"name":"Taj Mahal",
	"img":"TajMahal.jpg",
	"dateConstruction":"1631-1653 après J.C",
	"Lieu":"Agra, Inde",
	"maitreOuvrage":"Empereur moghol musulman Shâh Jahân",
	"Description":"Le Taj Mahal qui signifie « le palais de la couronne », est situé à Agra, au bord de la rivière Yamuna, dans l'État de l'Uttar Pradesh, en Inde. C'est un mausolée de marbre blanc construit par l'empereur moghol musulman Shâh Jahân en mémoire de son épouse Arjumand Bânu Begam, aussi connue sous le nom de Mumtaz Mahal, qui signifie en persan « la lumière du palais ». Elle meurt le 17 juin 1631 en donnant naissance à leur quatorzième enfant alors qu'elle allait à la campagne. Elle trouve une première sépulture sur place dans le jardin Zainabad à Burhanpur. La construction du mausolée commence en 1631 et est achevée dans sa plus grande partie en 1648. Son époux, mort le 31 janvier 1666, est inhumé auprès d'elle."
	}
]
]
